,Prob_0,Prob_1,Prob_2,Prob_3,Prob_4,Prob_5,Prob_6,Prob_7,Prob_8,Prob_9
0,0.008623377,0.018685512,0.04350896,0.05391336,0.030039674,0.06253444,0.08769453,0.04785296,0.13928272,0.5078643
1,0.02232144,0.018963873,0.03542149,0.088369414,0.06310116,0.17719802,0.08579699,0.24370041,0.18311316,0.08201423
2,0.04977038,0.028810449,0.028075881,0.10553002,0.12284225,0.051165693,0.088144034,0.22562502,0.11058229,0.1894541
3,0.037683677,0.042428188,0.0535838,0.029579725,0.06143567,0.062849365,0.11876276,0.075847566,0.2876748,0.23015445
4,0.091568194,0.03198734,0.07903153,0.07092227,0.04178388,0.124004394,0.11570505,0.11033266,0.22576462,0.10889995
5,0.020646147,0.021516144,0.010662289,0.019290019,0.01992361,0.06315418,0.036651008,0.03726708,0.079066716,0.69182295
6,0.037546944,0.023811828,0.028070787,0.052160803,0.036687832,0.034258887,0.045790218,0.12247746,0.04877755,0.5704178
7,0.019044058,0.060973108,0.058815055,0.038759638,0.048766688,0.045793097,0.035238933,0.05716941,0.51814586,0.117294274
8,0.035634693,0.072143145,0.06698509,0.06998215,0.035364926,0.04804247,0.050932024,0.03691719,0.12955649,0.4544417
9,0.009002565,0.008642483,0.004138218,0.0046140268,0.0054713897,0.010610222,0.004287668,0.009388113,0.023132194,0.920713
10,0.019696532,0.05320857,0.07024673,0.043530706,0.09172092,0.120767236,0.10461942,0.18815446,0.10720321,0.2008523
11,0.033742435,0.02862335,0.13938996,0.14953868,0.13274188,0.0721237,0.057975378,0.12300829,0.13220485,0.13065162
12,0.0434251,0.050264806,0.030123306,0.10897073,0.10521406,0.07850457,0.10232934,0.102029696,0.18405142,0.1950869
13,0.012579411,0.034407906,0.03208282,0.009288899,0.0147914365,0.06268699,0.03038636,0.04807272,0.092985496,0.662718
14,0.09818651,0.040954422,0.042067964,0.027208008,0.02928828,0.07594307,0.26463887,0.16656862,0.1787476,0.076396525
15,0.022765033,0.0551235,0.046512153,0.052555997,0.043004163,0.024169084,0.04466032,0.20031644,0.15231854,0.35857496
16,0.045512505,0.033329234,0.04615448,0.09595462,0.06146533,0.103591636,0.07721915,0.2895925,0.13512492,0.11205576
17,0.04212066,0.068676725,0.100378744,0.08525721,0.1064126,0.065114014,0.054487545,0.13157502,0.21488701,0.13109063
18,0.04955153,0.06595438,0.09475626,0.070725754,0.06921664,0.07394159,0.093856804,0.073875144,0.26950952,0.13861234
19,0.0055081304,0.006601301,0.0046984525,0.004076346,0.0069334297,0.0068984395,0.010716301,0.007575604,0.020478522,0.9265135
20,0.010399838,0.03176968,0.05269089,0.0455296,0.049007572,0.10698649,0.13566281,0.1114757,0.2953293,0.16114803
21,0.024005432,0.01838705,0.12863566,0.108852595,0.15726678,0.089741096,0.039540518,0.08192469,0.17024818,0.18139772
22,0.030813891,0.062177822,0.019184213,0.036322948,0.05307821,0.11910438,0.08886951,0.065433346,0.08630363,0.4387125
23,0.01709485,0.022452075,0.055216968,0.008727976,0.013991105,0.0990321,0.016071752,0.30257833,0.02556987,0.43926492
24,0.056974992,0.02042362,0.061074935,0.058980938,0.027995799,0.10717173,0.17406277,0.30364907,0.10689344,0.08277248
25,0.06282711,0.098953,0.05623832,0.053937748,0.08574882,0.04476648,0.08885469,0.15575346,0.20438284,0.1485375
26,0.021653531,0.018913075,0.015721945,0.05922807,0.025009787,0.02468424,0.031257473,0.16658315,0.04716311,0.5897855
27,0.04320408,0.05925048,0.06132002,0.10791252,0.0889819,0.048481412,0.062266976,0.11641098,0.18752739,0.22464456
28,0.054158676,0.082107544,0.06448478,0.114488274,0.08546387,0.115805924,0.0773124,0.06767231,0.24617971,0.09232655
29,0.003258493,0.004982332,0.0041297176,0.002730973,0.004421212,0.008277183,0.008575262,0.003044087,0.004431806,0.95614904
30,0.01108531,0.030469434,0.048593465,0.100899525,0.050302975,0.037384328,0.20951644,0.04197406,0.2903894,0.17938505
31,0.0041391696,0.0054868152,0.004572548,0.0022098322,0.008800927,0.0028495751,0.010168746,0.00859335,0.0056457953,0.9475336
32,0.025983438,0.03640596,0.028682616,0.09003841,0.037731208,0.020462224,0.04080527,0.082317695,0.09270326,0.5448698
33,0.011326636,0.036758166,0.020029986,0.042676672,0.022372061,0.0075098793,0.021604931,0.150166,0.14912434,0.5384315
34,0.07031677,0.043870088,0.06998255,0.088346876,0.08306926,0.1162753,0.10304992,0.15882613,0.16383173,0.10243142
35,0.01760898,0.034552146,0.024419338,0.058026843,0.024475183,0.011837235,0.03663626,0.17500927,0.109480076,0.5079544
36,0.017912628,0.043474644,0.059197195,0.06352504,0.06303787,0.1713232,0.13107468,0.094993375,0.18317291,0.17228827
37,0.012708959,0.016087756,0.016184295,0.015840085,0.020508308,0.05766351,0.028024007,0.02055651,0.034756348,0.7776701
38,0.05205355,0.055610266,0.0524541,0.063528225,0.047498766,0.054725073,0.088340595,0.21252002,0.20312406,0.17014521
39,0.004073588,0.0021456995,0.0019699514,0.0032505095,0.0027276385,0.009205387,0.004089009,0.0024230052,0.0099802585,0.960135
40,0.040919166,0.041926514,0.041985955,0.04301791,0.073681794,0.050308585,0.1095226,0.18314333,0.20991427,0.20558
41,0.093960345,0.042815454,0.051861316,0.030762972,0.040565696,0.1138478,0.20326783,0.10526343,0.11485393,0.20280102
42,0.013299717,0.008166817,0.040824633,0.068235025,0.019986436,0.061686806,0.029736798,0.107188046,0.5976403,0.053235438
43,0.0411609,0.08804363,0.068713374,0.09516662,0.0919725,0.053505097,0.06608741,0.12625551,0.12833482,0.24076
44,0.010073416,0.03186223,0.028626084,0.03854392,0.026558947,0.023067834,0.014520471,0.0145051135,0.39639387,0.41584805
45,0.018559441,0.033411663,0.026127107,0.009855484,0.01989033,0.05413103,0.04793801,0.060196314,0.11612272,0.61376774
46,0.02628163,0.061682764,0.03661552,0.035269078,0.055219583,0.019379793,0.036417108,0.24938306,0.4329311,0.04682046
47,0.02704495,0.020334642,0.08707094,0.09033424,0.17179435,0.09017977,0.088944644,0.08440882,0.15187977,0.18800782
48,0.023521679,0.057785854,0.10421941,0.060424235,0.039225552,0.16959715,0.12598094,0.07997194,0.22035651,0.11891652
49,0.020546608,0.055440895,0.14278035,0.08464783,0.0507365,0.09304279,0.20884566,0.078786954,0.06977119,0.19540118
50,0.056386016,0.08953845,0.029072922,0.09200864,0.042915497,0.060036197,0.2253592,0.062468562,0.232846,0.1093688
51,0.05640677,0.03593359,0.029853743,0.0917028,0.12555434,0.058144543,0.14535953,0.145895,0.12666446,0.18448561
52,0.030580983,0.06181127,0.049814906,0.07047649,0.10083233,0.05024692,0.044901878,0.06751908,0.15888804,0.36492795
53,0.047645565,0.08838761,0.06699108,0.0835662,0.10226384,0.049111526,0.06111623,0.10081569,0.26841855,0.13168383
54,0.051463474,0.0442643,0.03712028,0.10921262,0.133138,0.066120535,0.1685773,0.15085517,0.150368,0.08888043
55,0.007192221,0.041793346,0.0625794,0.026124062,0.10351263,0.099275954,0.14987612,0.04221338,0.41312745,0.054305382
56,0.017571794,0.01140295,0.051769868,0.04794339,0.15561545,0.057801202,0.045337085,0.059667215,0.13513042,0.41776082
57,0.03611342,0.01914748,0.021363992,0.104602374,0.13589479,0.04037813,0.3007012,0.07918004,0.21046902,0.052149467
58,0.021382201,0.020848112,0.015937695,0.04700106,0.032535862,0.015462658,0.029781947,0.105591916,0.03181739,0.67964125
59,0.019169973,0.04477384,0.04783038,0.01721264,0.03553836,0.03870357,0.03549303,0.10760459,0.27614462,0.37752917
60,0.014191931,0.027859315,0.029101858,0.0071799974,0.015083943,0.030762564,0.03099594,0.04581243,0.062227905,0.7367842
61,0.053949103,0.11210277,0.08824941,0.07466856,0.09574785,0.0747811,0.042965677,0.12184196,0.24817954,0.08751396
62,0.011948458,0.02803873,0.028302299,0.0065810145,0.012993126,0.030760039,0.01800642,0.055282768,0.04151306,0.7665744
63,0.044522114,0.07067237,0.06294835,0.039695673,0.06775457,0.13085501,0.09699888,0.14081009,0.12824145,0.21750169
64,0.029117823,0.016942786,0.06409276,0.04986995,0.024777826,0.06873323,0.04480456,0.04358392,0.043232564,0.61484456
65,0.081098065,0.07087121,0.059377726,0.0562091,0.071747646,0.04970922,0.07735411,0.13068463,0.1869436,0.2160048
66,0.09455536,0.066988625,0.050679628,0.062670596,0.09601847,0.04880698,0.08925704,0.14416987,0.09376622,0.25308746
67,0.08353211,0.08978003,0.07122253,0.0763626,0.091817215,0.0469165,0.08795606,0.0981704,0.13184321,0.22239958
68,0.024073433,0.037346415,0.05015557,0.020359252,0.018916199,0.24136603,0.075452216,0.42870465,0.051629543,0.051996842
69,0.0068419566,0.023059402,0.028967442,0.008234391,0.014440092,0.041558363,0.011652628,0.06591142,0.28494194,0.51439214
70,0.0119843595,0.0060958103,0.117490925,0.03614176,0.014162667,0.35951865,0.02404203,0.051111095,0.3574387,0.022014128
71,0.020391531,0.022732025,0.01979523,0.057016514,0.025289604,0.0139659,0.03194959,0.072651684,0.05441555,0.6817921
72,0.008685819,0.0376159,0.06632065,0.05236783,0.069520384,0.10393966,0.12389396,0.026038004,0.12448244,0.38713524
73,0.0029819424,0.0016923776,0.0013297421,0.0012637582,0.0025946347,0.007996842,0.0017526707,0.0018674554,0.0039763213,0.9745443
74,0.045743786,0.09582202,0.061871607,0.085805506,0.06850583,0.054624014,0.09823369,0.056750793,0.2164703,0.21617241
75,0.03918902,0.019169508,0.021368913,0.09629623,0.14994177,0.049692456,0.15997386,0.17526703,0.20194556,0.08715559
76,0.04163566,0.044928946,0.023684956,0.06437017,0.056461923,0.072976,0.10599702,0.09178931,0.15730293,0.3408532
77,0.0400069,0.028589182,0.03155635,0.08954276,0.13299018,0.0797017,0.110253766,0.246378,0.12533447,0.11564647
78,0.0045710616,0.014247764,0.04277589,0.027393503,0.02860783,0.069626726,0.04194329,0.024399528,0.031224277,0.7152099
79,0.010699366,0.025023049,0.06905052,0.04688803,0.042298406,0.12719029,0.06468403,0.08630733,0.040727355,0.48713174
80,0.011399985,0.007848386,0.050920665,0.03330356,0.081893146,0.026773825,0.025014637,0.082639314,0.31361508,0.36659122
81,0.013449153,0.048123267,0.031076746,0.033287942,0.05791116,0.019929964,0.027715206,0.031376984,0.34536716,0.39176258
82,0.089244075,0.041585695,0.045075275,0.061118107,0.06887613,0.06731249,0.07862078,0.12844598,0.20591894,0.2138028
83,0.020053403,0.03801934,0.044473298,0.014044096,0.024840383,0.044670746,0.026446227,0.14887638,0.058793403,0.5797827
84,0.056782205,0.07498161,0.03440562,0.07621942,0.07588235,0.08063971,0.12513754,0.15594743,0.2506384,0.06936589
85,0.034276877,0.03158896,0.11808369,0.080679454,0.06910896,0.07375345,0.076603204,0.24555105,0.13494408,0.13541016
86,0.051998824,0.09647161,0.058164474,0.071074314,0.11236031,0.07753208,0.048916735,0.09913143,0.19623071,0.18811963
87,0.042359304,0.04313691,0.07322981,0.056983307,0.051244024,0.14117144,0.16330622,0.24861254,0.09420302,0.08575364
88,0.07163763,0.037965324,0.046143595,0.08386158,0.06895649,0.08359435,0.086614735,0.25380388,0.1404003,0.1270219
89,0.015890367,0.036315016,0.03895505,0.011422537,0.019615443,0.031600986,0.02309354,0.057965357,0.055703253,0.70943844
90,0.031479914,0.02716996,0.07874806,0.092058346,0.07918932,0.074143104,0.07264684,0.22764537,0.23255585,0.08436338
91,0.042453974,0.080829255,0.09107626,0.0436686,0.07609401,0.2322584,0.07199902,0.12972318,0.08870938,0.1431881
92,0.0057415315,0.00422681,0.0038711673,0.010481787,0.0053568273,0.012324024,0.008752803,0.0060775834,0.011264474,0.93190306
93,0.025638387,0.021692753,0.06097814,0.07001617,0.037063614,0.1261759,0.19638403,0.17711678,0.22364143,0.061293036
94,0.036901414,0.090397075,0.11038674,0.07704816,0.06830398,0.053103417,0.07220796,0.12105259,0.2432394,0.12735902
95,0.06903103,0.032443903,0.04726978,0.06099591,0.08029097,0.057112157,0.08141323,0.21023443,0.24798429,0.11322431
96,0.07218218,0.03928099,0.09757359,0.09538549,0.054333445,0.064709336,0.08814479,0.19293989,0.23322526,0.062225148
97,0.055301104,0.025587022,0.058592007,0.047291253,0.03489401,0.14782351,0.06804922,0.1783055,0.2026064,0.18154989
98,0.030998342,0.04920083,0.046880558,0.022001194,0.034353867,0.08206237,0.056842443,0.16671558,0.101229735,0.40971506
99,0.035269987,0.014323275,0.025834998,0.06452133,0.040524587,0.053011935,0.06381369,0.034279827,0.040978365,0.62744176
100,0.08447657,0.027048232,0.049009148,0.04439593,0.032690626,0.15354575,0.092597924,0.17919366,0.17698185,0.16006038
101,0.016852824,0.049491193,0.054633856,0.057238065,0.06392622,0.0921025,0.088907786,0.05860018,0.30780402,0.21044326
102,0.04084383,0.071276,0.053386938,0.16986671,0.061912537,0.04383314,0.08018816,0.09940097,0.19868045,0.18061133
103,0.047229633,0.09451866,0.07976254,0.054375865,0.09215885,0.16423388,0.08903871,0.16135022,0.108343,0.10898858
104,0.018374877,0.02186783,0.01399065,0.050540254,0.0239052,0.016736355,0.026828669,0.02840565,0.06344543,0.73590493
105,0.0043964908,0.0030113189,0.0041324436,0.0025908847,0.0037905355,0.0033921106,0.004726333,0.0038357305,0.0029132671,0.9672112
106,0.070376486,0.031417027,0.055819016,0.08346853,0.057025824,0.10277863,0.08162143,0.223859,0.21229635,0.08133772
107,0.029835725,0.022736458,0.07863907,0.10093337,0.17852826,0.0433018,0.06424497,0.1784808,0.11163584,0.19166352
108,0.021776082,0.06777283,0.040753607,0.050131407,0.0769574,0.026730599,0.023322647,0.05374734,0.5977593,0.041048795
109,0.040653795,0.08624222,0.063287064,0.10248196,0.041858457,0.03112179,0.07445041,0.14477788,0.16103694,0.25408953
110,0.06239869,0.060964234,0.0664265,0.05504393,0.050142802,0.12501262,0.17828918,0.14373715,0.12891321,0.1290718
111,0.03816339,0.037232637,0.022612737,0.020242931,0.015054205,0.1437045,0.11875509,0.5481723,0.026940407,0.029121574
112,0.012162424,0.06016368,0.018819071,0.024233704,0.046225782,0.016490579,0.02137804,0.028805671,0.70313954,0.068581335
113,0.048330534,0.044668783,0.033614725,0.055431545,0.09381437,0.10658999,0.15183403,0.09315589,0.24431258,0.12824753
114,0.034687724,0.025647862,0.023716038,0.07108895,0.08264689,0.101403184,0.1511637,0.16347498,0.15927853,0.18689196
115,0.061221786,0.05623017,0.03427882,0.09487239,0.07331107,0.06426948,0.12882152,0.10503912,0.25707346,0.124882124
116,0.048744243,0.05810949,0.019662088,0.07070051,0.03459546,0.05425514,0.07297372,0.104912736,0.14530541,0.39074087
117,0.017001215,0.03896323,0.036350932,0.0491223,0.030654652,0.014402162,0.03925752,0.20002545,0.48238614,0.09183689
118,0.04172107,0.084942214,0.0764756,0.08191596,0.06241857,0.061010826,0.047095105,0.10800724,0.2326765,0.20373702
119,0.0040326966,0.006876198,0.003780264,0.0020883076,0.0053463452,0.0036716487,0.0053206854,0.0022098543,0.0069270176,0.95974714
120,0.019023027,0.02950349,0.020975357,0.05164143,0.027236445,0.011386045,0.03092458,0.07170488,0.1881587,0.5494459
121,0.030523868,0.02743626,0.043765433,0.03379372,0.029271143,0.08795296,0.06742102,0.15147138,0.409744,0.1186201
122,0.034506824,0.029629579,0.03182588,0.076018654,0.08918799,0.12087621,0.07380883,0.11916961,0.22502169,0.19995482
123,0.03343276,0.034140006,0.03306938,0.054051388,0.08301322,0.16266492,0.12396206,0.06384897,0.20961766,0.20219944
124,0.07719873,0.05603762,0.03592049,0.024150245,0.026854597,0.10281877,0.37640914,0.19636104,0.05345909,0.050790336
125,0.003974905,0.0054164156,0.0063690417,0.012335369,0.0063262354,0.009275027,0.004765977,0.008122141,0.0140891485,0.9293259
126,0.020849973,0.054794412,0.07722545,0.07618858,0.07460989,0.12418537,0.21300896,0.042583607,0.20422377,0.11233011
127,0.07193809,0.069964,0.051607504,0.10047498,0.05259672,0.12874304,0.10577264,0.072691806,0.25404876,0.09216258
128,0.0032609084,0.0042680968,0.0030546144,0.0017532839,0.002520479,0.0052416115,0.007151152,0.0021163065,0.010570825,0.96006256
129,0.050240416,0.03899953,0.048781317,0.12335588,0.076973066,0.053759787,0.08338662,0.08709994,0.23440345,0.20300028
130,0.007168192,0.020574473,0.056979395,0.04589931,0.035986032,0.11645137,0.114703916,0.028837355,0.07788758,0.4955123
131,0.011252064,0.0021149013,0.028495172,0.03055401,0.050970126,0.036926586,0.01631148,0.13347021,0.014656948,0.67524844
132,0.042718768,0.05158866,0.028951902,0.05290787,0.061973445,0.05519786,0.19515063,0.09963485,0.21280201,0.19907404
133,0.04754116,0.07119176,0.05774324,0.045592073,0.06849173,0.14269783,0.10174424,0.1429436,0.16888992,0.15316437
134,0.013255102,0.006582533,0.029562408,0.021466132,0.01049245,0.10385034,0.073278405,0.038768873,0.62777835,0.07496506
135,0.04075662,0.060461503,0.04645397,0.08436142,0.04921249,0.035862625,0.062343646,0.26133788,0.18885998,0.17035024
136,0.14036389,0.0808434,0.077150285,0.0460325,0.0795509,0.074443206,0.08420035,0.058573328,0.27121443,0.0876279
137,0.044911414,0.09356022,0.057586014,0.05535817,0.04995968,0.101688184,0.08254442,0.13595815,0.2379736,0.14046007
138,0.05568284,0.054576367,0.14744976,0.09392455,0.047998548,0.13243142,0.09197791,0.057544272,0.25311172,0.06530266
139,0.0017834062,0.0012744708,0.0007462131,0.00072865235,0.0018568267,0.0015766592,0.0026967137,0.0011381604,0.002509999,0.9856891
140,0.008432542,0.025466643,0.04125794,0.056835774,0.058123734,0.08307753,0.07274707,0.043912414,0.15023571,0.45991072
141,0.022496287,0.013776239,0.07994519,0.09509404,0.09093332,0.07279022,0.03186725,0.29580936,0.13198803,0.16530001
142,0.04450369,0.06152129,0.032815248,0.0560179,0.063744456,0.11860237,0.098940514,0.06583866,0.23778078,0.22023505
143,0.009119149,0.018995788,0.02164781,0.0042349054,0.009680272,0.025241897,0.017036324,0.06021214,0.05425067,0.7795809
144,0.027793504,0.014052983,0.05150622,0.055090357,0.022447597,0.08549148,0.069011144,0.11014855,0.062010672,0.50244737
145,0.03869385,0.083106324,0.054720484,0.05668511,0.08596234,0.06366803,0.1566739,0.07745934,0.24397434,0.1390564
146,0.10329764,0.06809947,0.05941854,0.07214927,0.07836986,0.10410002,0.08521299,0.11487311,0.2222336,0.092245586
147,0.038913734,0.06641383,0.050996725,0.049344048,0.068782575,0.1281087,0.09667877,0.13471666,0.09496793,0.271077
148,0.06886837,0.06897817,0.04528491,0.103523165,0.057071988,0.076185144,0.14739294,0.068728104,0.2665512,0.09741605
149,0.0010877275,0.002574494,0.0003477214,0.0005297618,0.0013901329,0.0044741486,0.0014101582,0.0004922857,0.0030917523,0.98460203
150,0.01551812,0.042699043,0.086984575,0.047129918,0.0509182,0.10403269,0.083978415,0.04298258,0.32214838,0.20360802
151,0.011525574,0.0041934242,0.033201016,0.046533752,0.08122433,0.018730544,0.032065295,0.20318185,0.046089347,0.52325463
152,0.024625996,0.045680605,0.019539792,0.05957926,0.04610184,0.04044851,0.05800218,0.18504924,0.44751328,0.07345944
153,0.01770676,0.043752562,0.043918308,0.013591907,0.02346881,0.06991997,0.035040017,0.5878651,0.06612708,0.09860956
154,0.030663654,0.019565485,0.06498342,0.06457731,0.031339563,0.10073526,0.257835,0.10698397,0.18943387,0.13388246
155,0.084316395,0.06266277,0.0943965,0.06424585,0.05624734,0.055082303,0.15271804,0.19288698,0.12770383,0.10973996
156,0.06600674,0.03328474,0.026115896,0.075661674,0.042686753,0.05216907,0.05169702,0.18199928,0.08453107,0.38584772
157,0.0440149,0.14687179,0.06941432,0.079397514,0.07647778,0.05734203,0.07006081,0.13785781,0.24666993,0.071893275
158,0.040264666,0.029745223,0.17708078,0.09944903,0.12571733,0.055875987,0.07416472,0.12190547,0.22979018,0.04600623
159,0.0019962045,0.001080519,0.001233754,0.0014208287,0.0017787317,0.0025562085,0.0030468127,0.0010748474,0.0032923177,0.98251975
160,0.016876012,0.04394684,0.06796837,0.07010837,0.061209086,0.16658582,0.15019949,0.09299566,0.15090525,0.1792053
161,0.0061548776,0.009986152,0.004938012,0.013724368,0.007182537,0.006380893,0.007639661,0.01436955,0.013981382,0.9156425
162,0.036156274,0.08603289,0.062308814,0.06085702,0.056956653,0.050540216,0.10074097,0.24298958,0.22791563,0.075501904
163,0.06222526,0.091160625,0.08379817,0.04859333,0.06282839,0.04744957,0.10538376,0.21324135,0.18199684,0.103322685
164,0.054772556,0.070707195,0.03660267,0.061326414,0.0695584,0.04312738,0.058125388,0.0835515,0.13838562,0.38384265
165,0.052169967,0.055482727,0.06709416,0.050467305,0.039830845,0.0373412,0.09136728,0.3126699,0.20980708,0.08376945
166,0.011323232,0.026523653,0.050869815,0.076892786,0.05319377,0.11593921,0.12871508,0.06289228,0.30279276,0.1708571
167,0.0043631084,0.004513456,0.0020958248,0.003147619,0.0021933927,0.0038584147,0.0047450284,0.002364276,0.018024797,0.9546939
168,0.05916945,0.046810262,0.17195153,0.10982913,0.05878744,0.089643344,0.062742315,0.059181243,0.22759953,0.114285864
169,0.0022682226,0.0009309604,0.0009875401,0.0007817726,0.0020073669,0.0030485962,0.0024242292,0.0016610613,0.0017908298,0.98409927
170,0.0318794,0.026735809,0.028479138,0.09997788,0.10206806,0.07175888,0.07806428,0.17661889,0.19902152,0.1853963
171,0.0437052,0.030627837,0.077623464,0.058893,0.04888206,0.11231104,0.12954538,0.13988599,0.23730105,0.1212251
172,0.011975047,0.005302975,0.054756436,0.06790263,0.098369874,0.025089476,0.03074321,0.16740341,0.048018895,0.49043813
173,0.028830389,0.06808898,0.045905944,0.068440914,0.052073244,0.0761076,0.07335873,0.082798414,0.29517525,0.20922019
174,0.018240955,0.053190358,0.063930966,0.0587804,0.039856873,0.0499301,0.044376384,0.055591255,0.553228,0.06287461
175,0.013924863,0.04258855,0.043056034,0.011795927,0.025171008,0.11293934,0.024375176,0.07520888,0.24214236,0.40879813
176,0.024925675,0.05156966,0.04749763,0.08065468,0.036803827,0.02011705,0.03358935,0.088845976,0.5171891,0.098806955
177,0.016547171,0.0046600294,0.028078165,0.039775856,0.107852004,0.026104894,0.02619672,0.13275112,0.034337167,0.58369714
178,0.018215837,0.039785355,0.09538144,0.06562255,0.03897708,0.12666005,0.1879987,0.07254311,0.16056788,0.19424827
179,0.017601855,0.07123287,0.11118263,0.042993978,0.15362594,0.060929358,0.18919624,0.05614531,0.19328308,0.10380859
180,0.03954825,0.05161173,0.030318804,0.0573174,0.056715213,0.075443916,0.16490832,0.095211215,0.22178039,0.20714498
181,0.0448697,0.0603854,0.035670895,0.0586638,0.068248264,0.14064074,0.110568255,0.09763036,0.24527068,0.13805202
182,0.041718107,0.05874271,0.094349466,0.060522266,0.08134237,0.083281815,0.11321903,0.14650169,0.23455684,0.085765585
183,0.05691923,0.062305477,0.050018743,0.047353163,0.0613518,0.082200594,0.09358416,0.14318325,0.26320454,0.13987893
184,0.053978316,0.07204551,0.034099497,0.073497295,0.079356134,0.11702479,0.08291541,0.10832787,0.2498594,0.12889571
185,0.011075382,0.04093094,0.060878288,0.046264894,0.13472971,0.057131402,0.06557048,0.042939387,0.36831084,0.17216869
186,0.016194502,0.010746908,0.04385543,0.047142282,0.1412384,0.04916714,0.03157158,0.087997,0.14544071,0.42664573
187,0.045138273,0.06794652,0.035401493,0.07549483,0.08633041,0.12826394,0.06855561,0.15295865,0.24704006,0.09287032
188,0.06712578,0.05501491,0.06219107,0.084863305,0.07427474,0.06964046,0.08553709,0.11354821,0.252856,0.13494876
189,0.0038802968,0.008668228,0.013708558,0.0013648837,0.005077966,0.016781643,0.0047116894,0.027456807,0.00563322,0.9127165
190,0.014894961,0.026640793,0.031521555,0.008473618,0.021146335,0.049677823,0.026448643,0.089470126,0.040225223,0.69150084
191,0.040986836,0.040071107,0.07646601,0.13009511,0.07493055,0.12883951,0.07963636,0.1401521,0.1511497,0.13767248
192,0.019629667,0.015847875,0.021399649,0.009356728,0.016941028,0.046466377,0.015821837,0.14163941,0.07296493,0.6399327
193,0.018717332,0.03154292,0.040234726,0.013043962,0.02943809,0.06594632,0.027812649,0.0916323,0.07562288,0.6060088
194,0.03413338,0.020032473,0.08490452,0.061442513,0.03223502,0.08687974,0.35644147,0.21064544,0.0597151,0.053570777
195,0.09463019,0.05295256,0.06639337,0.077645905,0.08783121,0.07477883,0.108325616,0.16821358,0.114932775,0.15429583
196,0.05404022,0.048713244,0.046899308,0.07716302,0.07519062,0.033120397,0.06989334,0.17848127,0.20030573,0.21619308
197,0.07203454,0.07643533,0.06770254,0.060251936,0.10047416,0.061126906,0.08793597,0.11675823,0.22783323,0.12944719
198,0.040962745,0.030494004,0.06931344,0.05144081,0.04893813,0.06583739,0.12683351,0.07945124,0.24964002,0.2370886
199,0.0021863237,0.0039691404,0.0009632544,0.0011895581,0.0027827779,0.0044803405,0.002508041,0.001197913,0.0061501972,0.9745726
200,0.031284817,0.024963439,0.10437124,0.12187343,0.04448916,0.06471667,0.07998963,0.19609682,0.22754721,0.10466767
201,0.030153446,0.0620229,0.08307254,0.061625224,0.03850058,0.023992546,0.043652903,0.22713327,0.14550526,0.28434128
202,0.017842015,0.041037805,0.10906855,0.107539006,0.05383298,0.13653284,0.19225067,0.056738954,0.092877075,0.1922803
203,0.0027572527,0.0052786465,0.0015800598,0.0020564932,0.0031069503,0.008523906,0.0027223553,0.002887711,0.006180451,0.9649058
204,0.09607034,0.053733062,0.08898172,0.042099047,0.034790788,0.037534207,0.12207078,0.29329926,0.19154632,0.03987456
205,0.040375553,0.061123446,0.031616773,0.05706375,0.07658097,0.0662145,0.094221756,0.22831944,0.124984786,0.2194991
206,0.036347687,0.035111167,0.026514826,0.102082364,0.08137146,0.10713567,0.08025825,0.11545125,0.21041356,0.2053138
207,0.042119715,0.05833767,0.0323549,0.06610796,0.081023775,0.08036288,0.16182052,0.14209504,0.2052449,0.13053244
208,0.022583418,0.068004176,0.06014422,0.06725889,0.1833775,0.09180646,0.085161135,0.107772864,0.20230818,0.111583486
209,0.006167759,0.04016845,0.05996417,0.040238164,0.090094835,0.046624213,0.027686803,0.023636807,0.23649508,0.42892364
210,0.015890338,0.009380241,0.053990226,0.056226205,0.13881662,0.043635916,0.03008683,0.103635654,0.07429089,0.47404727
211,0.0355061,0.038494084,0.08944016,0.055963878,0.10759571,0.037678603,0.08606762,0.11592472,0.1971428,0.23618619
212,0.07692032,0.07378131,0.060819663,0.09032776,0.101527736,0.051878348,0.09924636,0.14232805,0.1475612,0.15560919
213,0.020027734,0.039649066,0.05974134,0.015222363,0.03167973,0.08424231,0.02885576,0.14988995,0.036499403,0.53419244
214,0.048087023,0.0562895,0.034763936,0.061091263,0.07047388,0.108969204,0.13786337,0.0870512,0.26433665,0.13107383
215,0.03646028,0.030215636,0.07730913,0.06312546,0.07870794,0.10007705,0.109641716,0.13421549,0.12644821,0.24379899
216,0.038666308,0.06603992,0.0606928,0.048171483,0.067592636,0.15961963,0.080481865,0.13466983,0.09747741,0.2465882
217,0.04724717,0.07644949,0.09354509,0.04290598,0.08254978,0.09387748,0.07062433,0.13588497,0.10113992,0.25577572
218,0.015894553,0.005578822,0.04776917,0.084792495,0.09326902,0.030945893,0.021575753,0.22727981,0.061732996,0.4111615
219,0.021925822,0.0581866,0.046610583,0.019866813,0.03997449,0.16330548,0.03698011,0.09053822,0.0773634,0.44524843
220,0.0027464137,0.0016674957,0.0011450347,0.0020465641,0.002644543,0.008216495,0.0021811267,0.005076801,0.0057277936,0.9685474
221,0.016935378,0.007257632,0.11459735,0.031435415,0.6570121,0.020358698,0.040056616,0.033387348,0.035931,0.043028705
222,0.020157725,0.054375097,0.07790024,0.033670716,0.06846506,0.025544483,0.034983993,0.057958014,0.58190995,0.04503489
223,0.06493056,0.039446257,0.053127486,0.096648015,0.068602555,0.16729093,0.08840376,0.14546457,0.14580953,0.13027617
224,0.06438133,0.054299314,0.086213045,0.08875694,0.05275493,0.08017764,0.10077628,0.074875526,0.26188466,0.13588056
225,0.049194377,0.033554576,0.0850617,0.06379871,0.053574815,0.15291744,0.1432737,0.14849102,0.14255272,0.12758078
226,0.04063587,0.047070384,0.0589668,0.036151513,0.054340947,0.10453858,0.07725522,0.22968173,0.11702612,0.23433283
227,0.031882845,0.02569071,0.11886414,0.12164803,0.0595702,0.054405104,0.052403104,0.2111251,0.11221274,0.21219808
228,0.045877546,0.03499594,0.08394686,0.0621928,0.055920415,0.12857188,0.1501815,0.15042256,0.14790072,0.13999
229,0.011305355,0.024924273,0.101524405,0.060825,0.037211355,0.09718172,0.070091784,0.043920044,0.087858535,0.46515766
230,0.059915133,0.056941368,0.05772071,0.08287746,0.053178508,0.04904463,0.073069334,0.1647483,0.20728518,0.19521932
231,0.017502286,0.027189411,0.051447332,0.012299935,0.028208083,0.062195595,0.02512087,0.040659595,0.052202888,0.68317395
232,0.10048082,0.06332315,0.07561293,0.05452825,0.12007857,0.064289495,0.07704652,0.093480565,0.24088496,0.11027479
233,0.002841575,0.004743929,0.0016562613,0.002546101,0.0034250785,0.003889548,0.002476146,0.004101536,0.007625088,0.96669465
234,0.05247836,0.079293296,0.08816432,0.11398757,0.055883996,0.09517976,0.08895269,0.0780581,0.09827288,0.24972923
235,0.03297073,0.02319303,0.15195912,0.05449822,0.0546277,0.07513148,0.099867746,0.19841602,0.108998396,0.20033756
236,0.043423936,0.089214586,0.06616493,0.058975298,0.06606821,0.052085422,0.081879914,0.1339268,0.27399367,0.13426737
237,0.06925303,0.06910395,0.06425943,0.052421972,0.07271051,0.05177315,0.14692633,0.13353463,0.23978467,0.10023242
238,0.041124977,0.03020154,0.058561776,0.053866174,0.04835813,0.08273677,0.24694674,0.077697255,0.12542374,0.23508269
239,0.036188956,0.028931959,0.07657952,0.06014332,0.046344098,0.085533485,0.22601861,0.2458858,0.079002276,0.11537195
240,0.03941699,0.053026218,0.053831033,0.060216133,0.054530274,0.13370764,0.078936964,0.13278936,0.13569823,0.2578472
241,0.07947688,0.067698,0.03958046,0.11915869,0.072655074,0.14479175,0.14317815,0.08598796,0.099338785,0.14813401
242,0.039071057,0.033231672,0.03327274,0.080461055,0.1514638,0.08715768,0.13284425,0.12729184,0.23476145,0.08044488
243,0.07811529,0.0723989,0.036656342,0.07124101,0.061845116,0.14236678,0.08831308,0.1049253,0.2519836,0.092154324
244,0.0375279,0.03834895,0.030142877,0.11068337,0.068684824,0.13142498,0.07356363,0.06900271,0.22242978,0.21819119
245,0.056058742,0.06343421,0.076407455,0.05735389,0.05528362,0.05149838,0.105501294,0.2224834,0.11702982,0.19494896
246,0.017758694,0.041283216,0.03652554,0.02871381,0.040558226,0.01013104,0.02710855,0.3643,0.41380948,0.019811163
247,0.03722279,0.02756681,0.10587081,0.092196345,0.0442321,0.06709501,0.22067848,0.22025535,0.0759884,0.108894214
248,0.046473004,0.02937742,0.038612388,0.07699175,0.09067175,0.08147973,0.13022271,0.066428885,0.23057766,0.20916466
249,0.040698566,0.031964906,0.040852915,0.037066396,0.10516415,0.14600377,0.085182615,0.08438531,0.21810782,0.21057335
250,0.036733158,0.024999922,0.065679684,0.048686083,0.039888892,0.16150406,0.107577816,0.11724273,0.2174944,0.18019292
251,0.004927619,0.0025712075,0.0018539248,0.0019368633,0.0037161072,0.0059034294,0.005842763,0.008434134,0.007014316,0.95779973
252,0.018089386,0.045857776,0.080169134,0.08773314,0.07804251,0.105873115,0.1889341,0.041531324,0.15479471,0.1989746
253,0.051750183,0.056543663,0.051257472,0.047052767,0.10881673,0.07956073,0.0998118,0.12729202,0.2765065,0.10140794
254,0.0085931355,0.0061525633,0.0033780185,0.0038682502,0.0055660806,0.008967311,0.004814471,0.00487026,0.029609868,0.9241802
255,0.063553885,0.07777853,0.04982403,0.08008388,0.1097364,0.0952154,0.09317826,0.06404224,0.23788856,0.12869881
256,0.017756775,0.05166791,0.065259345,0.09305697,0.060307834,0.041675314,0.17214191,0.14092809,0.15603843,0.20116742
257,0.028001107,0.015329149,0.026054062,0.039013285,0.035159275,0.0785512,0.051352423,0.049739473,0.12975168,0.54704845
258,0.04626053,0.05516716,0.02974177,0.061270922,0.04816308,0.087394975,0.1621011,0.070495725,0.20818253,0.23122206
259,0.042926367,0.04134297,0.044294577,0.03301356,0.048178606,0.050786417,0.11948159,0.08932439,0.2986831,0.23196854
260,0.043096,0.04852135,0.043079637,0.019903328,0.01998148,0.13597862,0.16758059,0.07005126,0.14397883,0.3078288
261,0.024436375,0.008870019,0.009278826,0.027751382,0.013225054,0.007156342,0.018983014,0.011377601,0.051688585,0.8272327
262,0.07087121,0.061794057,0.11684582,0.06225762,0.1181487,0.050233692,0.08437467,0.11517925,0.23179884,0.08849645
263,0.027574133,0.060693003,0.06340149,0.05469314,0.05942924,0.07234354,0.067590855,0.08266989,0.29606268,0.21554185
264,0.023850774,0.048765887,0.053355835,0.075674154,0.023180075,0.086208984,0.047975212,0.039669834,0.10887727,0.49244213
265,0.0033327697,0.0056103827,0.0040712375,0.0047505763,0.005237164,0.013743823,0.005394988,0.021028455,0.010390943,0.9264396
266,0.017754825,0.044036143,0.12401753,0.114653096,0.049623128,0.09504366,0.0760931,0.057472378,0.22639716,0.19490905
267,0.029351162,0.025826875,0.037382748,0.06221237,0.053685613,0.09442295,0.18652889,0.1703957,0.12582052,0.21437325
268,0.044673495,0.05378785,0.030838262,0.06026026,0.06353958,0.08781244,0.10474507,0.099594444,0.22654206,0.22820677
269,0.006170946,0.027218482,0.013582686,0.003409884,0.010517133,0.0061776927,0.029532395,0.03163406,0.31837645,0.5533801
270,0.059843004,0.050300997,0.060326297,0.03148518,0.042507075,0.18334314,0.12359967,0.21873656,0.1218799,0.107978135
271,0.039067663,0.057396125,0.074549854,0.058704257,0.05900161,0.0512458,0.11736203,0.14899662,0.20897964,0.18469666
272,0.08273327,0.080532245,0.08706689,0.056788087,0.077342294,0.05632197,0.08253783,0.07204092,0.2122827,0.19235386
273,0.015475297,0.07350517,0.038855877,0.053912207,0.03539401,0.021192355,0.031151716,0.042775113,0.6370734,0.050664656
274,0.031008758,0.048111036,0.061369818,0.05031973,0.050077826,0.07356883,0.08125778,0.06640173,0.13645066,0.401434
275,0.003285063,0.006203213,0.0039759055,0.0026348825,0.0057411487,0.011260062,0.0051121125,0.020424081,0.052432664,0.88893086
276,0.015873712,0.034582146,0.079838745,0.07516143,0.031305585,0.050724782,0.104267046,0.0501007,0.34933993,0.20880613
277,0.03850915,0.030129446,0.053234957,0.08136905,0.09055278,0.08029421,0.082463354,0.07480466,0.23548444,0.23315789
278,0.02810553,0.052954063,0.013589449,0.021630984,0.026804306,0.04402364,0.06399645,0.056842506,0.09890603,0.59314704
279,0.013775249,0.019407738,0.026031237,0.010966933,0.02170102,0.090022884,0.037092984,0.02558453,0.09105379,0.66436356
280,0.060350757,0.07926716,0.05059281,0.043731123,0.04300016,0.24542663,0.18932521,0.14119905,0.07379609,0.07331115
281,0.063496575,0.056443043,0.066120274,0.05848413,0.044045318,0.0547169,0.066645846,0.13504954,0.20596509,0.24903364
282,0.066817656,0.07306699,0.056812182,0.08048122,0.0933103,0.046962455,0.08865797,0.13993156,0.13031046,0.22364922
283,0.04448128,0.11299527,0.13809015,0.062875815,0.05910469,0.09841358,0.03545277,0.09370247,0.18879454,0.16608958
284,0.044177584,0.06418062,0.090961695,0.049010664,0.06991206,0.16311315,0.07319609,0.09596033,0.18347688,0.16601062
285,0.00096315617,0.001395243,0.0009211849,0.0022899755,0.0017056608,0.0011812242,0.0021400843,0.0011598901,0.00910366,0.97914
286,0.0074009947,0.024920722,0.045877207,0.07709125,0.041109376,0.018482951,0.5918819,0.057569128,0.088864,0.04680264
287,0.0030339847,0.0044245585,0.0034771413,0.0022675304,0.0025726191,0.0024595184,0.004113543,0.002263978,0.0070544686,0.9683327
288,0.021338668,0.012155738,0.00598655,0.024001725,0.0073945364,0.004070226,0.012983763,0.02624665,0.03222197,0.85360026
289,0.04629488,0.030069258,0.031941682,0.06030904,0.018396009,0.021152273,0.083768845,0.02101906,0.15204473,0.535004
290,0.104046986,0.09901417,0.061776306,0.07070892,0.082381144,0.07163407,0.09056134,0.09546397,0.2572312,0.06718173
291,0.02172683,0.014677066,0.016138835,0.030098438,0.013147637,0.0076061157,0.04583326,0.01522189,0.061995953,0.77355397
292,0.010009162,0.026129061,0.071378514,0.08483255,0.026818886,0.023831481,0.12333382,0.057808984,0.123428166,0.45242953
293,0.0034123054,0.0012979077,0.0009001185,0.0036924214,0.0014062555,0.008021937,0.0021370784,0.0029210092,0.010959769,0.9652515
294,0.050175007,0.09294248,0.0678082,0.09622083,0.08193966,0.055470277,0.072805665,0.1074356,0.27773935,0.09746269
295,0.005658272,0.001867722,0.002112206,0.0023108905,0.0022548274,0.010904458,0.0049365596,0.0022975914,0.012478309,0.9551792
296,0.033525787,0.08248122,0.07527319,0.05553815,0.04220634,0.0828524,0.055942748,0.038383875,0.14268395,0.39111215
297,0.08175184,0.056959845,0.061783798,0.060368758,0.057639003,0.12588555,0.15685344,0.1533153,0.10195843,0.14348428
298,0.03707547,0.028020918,0.051420577,0.079671256,0.09808962,0.06158802,0.1146679,0.06391856,0.2436063,0.22194171
299,0.020844366,0.045467652,0.09920033,0.022269167,0.057548963,0.035710085,0.048020795,0.0598298,0.12943982,0.48166868
300,0.022553915,0.07376389,0.06348216,0.06645856,0.04601877,0.043963473,0.03879087,0.054852627,0.4722911,0.11782442
301,0.006653456,0.015956998,0.02876772,0.004513537,0.007675893,0.053029817,0.029101504,0.026055045,0.16039906,0.6678471
302,0.023349574,0.028048841,0.019209264,0.03389529,0.022933397,0.012620125,0.036872014,0.058090966,0.1741748,0.5908054
303,0.015530194,0.008999254,0.018628903,0.02072252,0.027976627,0.09045308,0.040989134,0.026825976,0.06794014,0.6819344
304,0.021909809,0.051483437,0.122488484,0.06633093,0.03566358,0.11401038,0.20603989,0.062775895,0.12016466,0.19913293
305,0.025378669,0.04797078,0.09401132,0.09510115,0.05087359,0.2438435,0.12418524,0.06940231,0.117041446,0.13219205
306,0.039308958,0.0362259,0.01575486,0.027292352,0.03366145,0.08154826,0.14851967,0.06650142,0.118312955,0.4328744
307,0.038200237,0.047280125,0.019054607,0.032331757,0.033052236,0.07937345,0.098317936,0.084778756,0.12525263,0.44235826
308,0.030116776,0.070779026,0.04720296,0.06359282,0.066079006,0.050829824,0.073632315,0.10038534,0.2648955,0.2324867
309,0.009932146,0.02322311,0.017650533,0.014519469,0.009968554,0.04169571,0.041572224,0.006503245,0.032257933,0.8026769
310,0.021081243,0.040540185,0.011406985,0.020084048,0.02997327,0.047170654,0.093001306,0.071770355,0.07839767,0.5865741
311,0.023603821,0.047144238,0.103464596,0.08600266,0.049712434,0.075853005,0.1174133,0.07770879,0.17885165,0.24024545
312,0.039844,0.034064114,0.129914,0.101272725,0.10085063,0.11070547,0.09331966,0.14216736,0.15216444,0.09569739
313,0.036333337,0.05204409,0.018145412,0.031414833,0.035679642,0.08895723,0.09742015,0.07203893,0.1359772,0.4319894
314,0.1004018,0.059379585,0.07020748,0.07077466,0.12130439,0.11137446,0.0897058,0.09273138,0.14619127,0.13792923
315,0.035321586,0.054548334,0.062725164,0.035186213,0.063072525,0.054503098,0.14843267,0.10977432,0.21342658,0.2230094
316,0.012279275,0.0233639,0.028194612,0.008761696,0.014109194,0.07853667,0.028755303,0.052328367,0.07473588,0.6789351
317,0.022609005,0.09354614,0.054753292,0.042149954,0.041041162,0.057639755,0.05121955,0.052349463,0.20085101,0.3838403
318,0.007367102,0.016211841,0.01672093,0.0045311092,0.009561221,0.04254393,0.021133812,0.027333409,0.06871505,0.78588164
319,0.034388643,0.043888368,0.053915728,0.029375006,0.041215375,0.061930683,0.091202706,0.088613614,0.32338408,0.23208557
320,0.08359587,0.060124844,0.055538982,0.055677734,0.057135783,0.13910276,0.15705234,0.15584509,0.10022739,0.13569942
321,0.0952953,0.07582226,0.07429712,0.072636895,0.09581739,0.06312658,0.08961576,0.12862091,0.20732042,0.097447254
322,0.08609029,0.07287239,0.07591129,0.050908525,0.11235583,0.046745867,0.080261976,0.118342,0.23655766,0.119954236
323,0.111125916,0.11070284,0.13539715,0.06622076,0.08869993,0.102274664,0.10192397,0.08805935,0.116527215,0.079068184
324,0.07205422,0.0747537,0.043842584,0.055308588,0.052633725,0.17135218,0.14807488,0.09120919,0.066619985,0.22415067
325,0.0035134954,0.0070090196,0.0041599483,0.0038095221,0.004559866,0.012856881,0.008123431,0.02741836,0.021653254,0.9068962
326,0.035051893,0.027868265,0.057410516,0.09964795,0.06808405,0.12951705,0.0934579,0.05505789,0.23586942,0.19803518
327,0.068102315,0.09971354,0.08294284,0.069472134,0.11472961,0.04802637,0.0956256,0.05336378,0.1898566,0.1781673
328,0.0064144707,0.021320146,0.03588136,0.038107038,0.020542216,0.02041632,0.09007793,0.025158508,0.34055495,0.40152714
329,0.003088145,0.0036726636,0.0047431304,0.002560968,0.0035914537,0.005539359,0.00579202,0.009545,0.02201889,0.9394487
330,0.027261732,0.026445774,0.016022196,0.047312055,0.013397547,0.009318165,0.018887646,0.029060014,0.054733403,0.7575614
331,0.0250029,0.04077314,0.01226562,0.021255258,0.023350175,0.06430218,0.10623226,0.048245624,0.085492544,0.5730802
332,0.022401389,0.05416994,0.035740577,0.03795065,0.021200776,0.063774996,0.08709834,0.023371642,0.08056976,0.5737223
333,0.03720431,0.035726108,0.014962931,0.025387447,0.02927729,0.06677832,0.13911359,0.07214404,0.10272024,0.47668558
334,0.020388398,0.046468243,0.07793014,0.070732914,0.048377365,0.17253569,0.2064081,0.061209112,0.09953082,0.19641936
335,0.006403003,0.02179286,0.056796536,0.050168723,0.022631686,0.01555245,0.1235573,0.0316013,0.21247502,0.4590209
336,0.028073408,0.024421683,0.036501426,0.054597903,0.087447286,0.09966146,0.114881314,0.14407633,0.21389315,0.19644612
337,0.036450006,0.11449332,0.08211765,0.060649786,0.070557475,0.066603795,0.036341924,0.111289226,0.23669884,0.18479782
338,0.08344664,0.05441921,0.049079183,0.097641096,0.07909319,0.17213319,0.098380655,0.16059777,0.10825929,0.09694979
339,0.0109756505,0.01817615,0.02494954,0.00917156,0.0137566915,0.07661737,0.03735323,0.046736315,0.099727154,0.66253626
340,0.031239996,0.032810144,0.014292616,0.023864726,0.0230581,0.065751515,0.12837066,0.07369569,0.09144109,0.5154754
341,0.029580647,0.024770861,0.03922323,0.060819034,0.10091927,0.09523677,0.121456146,0.13521168,0.1887366,0.20404571
342,0.040816158,0.10021213,0.10073911,0.053322803,0.058136776,0.0576339,0.042434454,0.110004164,0.23634079,0.20035964
343,0.06717544,0.057866637,0.05964644,0.03315198,0.04560273,0.13646893,0.13036022,0.23771434,0.121132374,0.11088067
344,0.13261281,0.06773692,0.12459308,0.050525237,0.085114606,0.058876492,0.07718248,0.103944145,0.21894808,0.0804661
345,0.00591708,0.018562315,0.020796977,0.003950034,0.007478456,0.056038007,0.01721936,0.038463075,0.20121716,0.63035786
346,0.01536384,0.0053153504,0.008081942,0.011066354,0.014928269,0.06018875,0.018923178,0.029198688,0.0470334,0.78990024
347,0.039249316,0.05856654,0.07024791,0.03884274,0.072690904,0.11674281,0.14255993,0.10891028,0.22272089,0.12946863
348,0.003304506,0.0022856516,0.0013191877,0.001699221,0.003499944,0.0069834217,0.0042021386,0.0053091473,0.006559975,0.9648366
349,0.032012794,0.028924778,0.060463984,0.121695906,0.11340905,0.13300349,0.11741636,0.057018887,0.25841033,0.077644594
350,0.025477968,0.06692406,0.023900915,0.034586847,0.06279015,0.0530074,0.05396736,0.06711547,0.07566306,0.5365666
351,0.12224266,0.07225641,0.10557844,0.060302537,0.13173324,0.04828515,0.079340704,0.06599818,0.23491834,0.079344414
352,0.05682162,0.059945706,0.11445153,0.08291192,0.042739384,0.09274464,0.092318274,0.07129945,0.25023037,0.13653688
353,0.049081434,0.035470046,0.07159141,0.056468207,0.049725126,0.15542777,0.08763482,0.12244753,0.13986811,0.23228575
354,0.047166433,0.087820694,0.0966543,0.042675648,0.08187101,0.08943695,0.10145556,0.08876385,0.13824266,0.22591297
355,0.03313962,0.030874237,0.057602808,0.06237706,0.0687713,0.12410145,0.09563472,0.13631958,0.13410653,0.25707284
356,0.044150207,0.060780544,0.027667211,0.016551586,0.015522306,0.09701631,0.057143647,0.04477533,0.2940416,0.34235132
357,0.0073344554,0.033705924,0.060958233,0.030996488,0.02569242,0.1224264,0.052478302,0.025114834,0.07419649,0.5670963
358,0.012909451,0.009891908,0.003003038,0.016264083,0.006039214,0.0026775606,0.011118962,0.010556456,0.03946775,0.88807184
359,0.0060252687,0.010790387,0.016196614,0.0028884404,0.006481701,0.050952647,0.02337357,0.019074615,0.20127547,0.66294116
360,0.05933566,0.090924606,0.0749669,0.061993152,0.12459277,0.04853769,0.08238277,0.115414664,0.21776992,0.124081984
361,0.0032927166,0.0038555758,0.00496252,0.0024377357,0.0031158633,0.014703018,0.00618419,0.0114121465,0.018929087,0.9311072
362,0.061525606,0.11225825,0.06180108,0.08680334,0.1029201,0.06500945,0.100451,0.17097968,0.084740736,0.15351065
363,0.05542219,0.034025244,0.07956896,0.071091175,0.10810064,0.10225018,0.11968816,0.08571445,0.13760106,0.20653747
364,0.044933524,0.07441024,0.109075226,0.09289245,0.08097824,0.10498205,0.08713295,0.15220241,0.1536765,0.09971648
365,0.039151274,0.05671509,0.044973552,0.031190483,0.051755685,0.035599098,0.071207136,0.11843144,0.3395321,0.21144412
366,0.047040414,0.042079512,0.09439257,0.06363191,0.0574652,0.10456831,0.098539084,0.072627425,0.14827868,0.27137724
367,0.0928437,0.066546656,0.06541661,0.04903673,0.05642595,0.13631387,0.15507174,0.15617195,0.15094663,0.071226045
368,0.0390972,0.091367766,0.09746069,0.05482639,0.05941539,0.044496477,0.048996016,0.1128275,0.240776,0.21073666
369,0.025705613,0.031208642,0.010162891,0.017041143,0.024136418,0.051423583,0.09776411,0.0758393,0.072462305,0.594256
370,0.0332048,0.05954742,0.06717765,0.0658844,0.03045585,0.07987033,0.042772084,0.049724724,0.13139123,0.43997133
371,0.042820163,0.05739655,0.0222468,0.038175,0.042484835,0.07431722,0.114459395,0.07953903,0.15377435,0.37478682
372,0.029697772,0.05492394,0.019962808,0.029724753,0.05314663,0.066906594,0.14015746,0.11488438,0.08488036,0.4057152
373,0.046285957,0.057505958,0.06207799,0.03904831,0.040079985,0.047247205,0.09162886,0.07092829,0.31459484,0.23060264
374,0.0460283,0.11658695,0.11110384,0.055247493,0.07945738,0.043845136,0.050582364,0.11832832,0.25531045,0.12351017
375,0.0035210394,0.0056335307,0.002967627,0.0041942084,0.006019665,0.014150089,0.0041809394,0.016005922,0.006964621,0.93636227
376,0.04033327,0.06266254,0.057550866,0.069519125,0.058128756,0.042372007,0.06540683,0.3062631,0.20145562,0.0963079
377,0.081954256,0.07818967,0.058486883,0.05859155,0.0595774,0.13408035,0.16287471,0.1621773,0.10469453,0.09937355
378,0.048050333,0.05963044,0.051463332,0.04925389,0.046787094,0.1328026,0.0893739,0.0769285,0.23021448,0.21549559
379,0.026275402,0.05708807,0.05811641,0.07785976,0.029783912,0.108113386,0.04075226,0.028865157,0.12901689,0.44412866
380,0.0788431,0.04091316,0.048552975,0.029906133,0.03803774,0.18471082,0.11589319,0.18667038,0.110852584,0.1656204
381,0.008136401,0.015667306,0.0046698386,0.0064141927,0.008057254,0.017495649,0.0043189363,0.041643888,0.006293636,0.8873029
382,0.021354718,0.04890122,0.09140873,0.05661325,0.052278973,0.16875614,0.20576051,0.0810906,0.06458176,0.20925406
383,0.037836403,0.07900426,0.055208743,0.07049214,0.056032076,0.16780852,0.061497033,0.072506405,0.20671561,0.19289877
384,0.0037778234,0.005324454,0.0038015256,0.002741841,0.009548213,0.009881915,0.0065835416,0.019430637,0.028057992,0.9108522
385,0.009022742,0.013973617,0.033788018,0.006797576,0.012626259,0.03655742,0.020199215,0.03070929,0.7863135,0.050012242
386,0.004949759,0.014971967,0.03800087,0.021738853,0.030202456,0.057042625,0.051592916,0.030346034,0.043189794,0.7079648
387,0.005939331,0.0016283088,0.02408465,0.018973362,0.019764004,0.033815794,0.01780632,0.014318444,0.029344855,0.83432513
388,0.040184464,0.062192187,0.035146058,0.04121151,0.086016975,0.12402447,0.13426597,0.22537647,0.097843185,0.15373887
389,0.006149051,0.009718689,0.012386815,0.0021550744,0.0063289846,0.04366731,0.016342916,0.02748501,0.22427022,0.6514957
390,0.065498136,0.030708598,0.088323966,0.084989935,0.048822112,0.07905702,0.24668565,0.10756499,0.13509113,0.113258496
391,0.021292428,0.0345378,0.01852476,0.03499009,0.018932441,0.014083969,0.03928238,0.05911685,0.17219591,0.5870434
392,0.081514195,0.0878292,0.09794562,0.07734771,0.09054376,0.08909952,0.11175912,0.118370235,0.16337562,0.082215115
393,0.03867928,0.03488998,0.057066835,0.01993921,0.030011151,0.054980777,0.029011132,0.036027983,0.08676162,0.6126321
394,0.022150297,0.054682806,0.050524417,0.09888375,0.025537746,0.13708824,0.03989356,0.06551056,0.09457021,0.41115826
395,0.003383933,0.0024912579,0.002174211,0.0030904093,0.002396775,0.008349133,0.0050759707,0.0021408908,0.004882177,0.96601564
396,0.0046180724,0.0143955005,0.032406893,0.0212586,0.02566909,0.091371514,0.05601753,0.025426995,0.04284002,0.68599576
397,0.015075056,0.008785765,0.07509983,0.05347287,0.12800573,0.07998405,0.021847779,0.03357097,0.48284018,0.10131753
398,0.04486438,0.0655772,0.028315684,0.051901974,0.08565995,0.04732482,0.17856267,0.12800124,0.14756632,0.22222576
399,0.021178909,0.015860915,0.025822366,0.010398041,0.021137541,0.044714566,0.039478622,0.016809989,0.2187377,0.58586156
400,0.05495753,0.03945984,0.076782174,0.066427186,0.054827936,0.10774041,0.21414231,0.11014657,0.14356726,0.13194889
401,0.021175742,0.041920863,0.028124945,0.057802603,0.022096988,0.012739175,0.03982647,0.17564784,0.5140702,0.08659519
402,0.15260528,0.067418374,0.05637472,0.0594506,0.085157454,0.066098854,0.08351328,0.08179891,0.26503274,0.082549915
403,0.03587975,0.041882914,0.04018625,0.02013988,0.019901808,0.052297615,0.016537081,0.026536474,0.06396558,0.6826726
404,0.033146117,0.049226195,0.04665276,0.06985078,0.03481692,0.07383433,0.09853139,0.11275948,0.14176974,0.33941212
405,0.002936985,0.0023104707,0.0028084402,0.002728193,0.0022117149,0.0035031459,0.0059327674,0.0010659667,0.008166811,0.9683353
406,0.007828891,0.022901218,0.06784381,0.060321566,0.034699786,0.07834405,0.1376281,0.037264198,0.08728505,0.46588317
407,0.033272788,0.022264693,0.09621872,0.07618866,0.18755022,0.092108175,0.046466872,0.1410184,0.19350699,0.11140451
408,0.047660045,0.0661922,0.03631626,0.08284328,0.09417651,0.06685361,0.23004408,0.12139741,0.15236326,0.10215311
409,0.033533685,0.027646262,0.038952507,0.011726271,0.027676173,0.036487386,0.069662556,0.035501562,0.051870644,0.66694313
410,0.048985,0.02521269,0.08669675,0.058454063,0.040024396,0.084106036,0.19273347,0.22467656,0.06979818,0.16931286
411,0.041193772,0.06311243,0.05924903,0.083912805,0.04434643,0.041353263,0.05871995,0.21667218,0.20125052,0.19018945
412,0.1187755,0.07133915,0.06908171,0.113519736,0.14575449,0.0653163,0.095394626,0.06714077,0.15384898,0.09982872
413,0.078132965,0.10181397,0.09551513,0.05221298,0.047329932,0.08560719,0.04964591,0.11615507,0.12564576,0.247941
414,0.06446965,0.024923094,0.048327304,0.017191345,0.05086685,0.055877127,0.13733721,0.06866092,0.0843986,0.44794798
415,0.0024960751,0.0023714602,0.0024861563,0.002506877,0.0017676033,0.0028215796,0.00500358,0.0018404966,0.0058906795,0.97281533
416,0.006699084,0.02570333,0.049156856,0.053471353,0.11192407,0.10334233,0.06374001,0.14579356,0.09494513,0.34522468
417,0.0041827075,0.0031240692,0.0030041595,0.0043032914,0.003983059,0.005675977,0.004874304,0.004927527,0.034797553,0.9311275
418,0.05174679,0.043037854,0.05295513,0.04310714,0.057367887,0.051327746,0.06948811,0.08438262,0.29869002,0.24789658
419,0.060489498,0.077432595,0.0540695,0.078879066,0.043146547,0.053016443,0.13754284,0.05314443,0.22982934,0.21244964
420,0.048713215,0.063546464,0.035578966,0.04179134,0.078239664,0.05554095,0.04387797,0.04656537,0.13373388,0.45241222
421,0.03887375,0.019933904,0.027248435,0.037406,0.026485104,0.018740507,0.044575043,0.059286006,0.17012551,0.55732596
422,0.004988869,0.014794258,0.03543368,0.015119998,0.031366862,0.050275408,0.040655043,0.028965246,0.04418793,0.7342126
423,0.0031581582,0.0028110533,0.0044990513,0.0039230958,0.0040367944,0.004431231,0.0068541514,0.0031972004,0.010891294,0.9561981
424,0.014557442,0.02909139,0.036093023,0.03419484,0.015938483,0.038013738,0.029704848,0.013235603,0.037046198,0.7521245
425,0.0017059945,0.0016503943,0.0013644018,0.0014388191,0.0012588458,0.002435435,0.002322898,0.0008444688,0.004139862,0.9828389
426,0.025960416,0.04863823,0.07039522,0.061506506,0.02899001,0.043283686,0.03739856,0.037497185,0.11494769,0.5313825
427,0.04554032,0.027471112,0.05853187,0.05119347,0.034925442,0.10344113,0.19355536,0.099089295,0.20607583,0.18017626
428,0.012602201,0.0067430395,0.044323467,0.04533535,0.123144165,0.042923663,0.032549027,0.02131821,0.09161265,0.579448
429,0.051680163,0.045934368,0.034485605,0.032763187,0.054871343,0.052775986,0.017405517,0.032461844,0.03283754,0.64478445
430,0.017801976,0.021210775,0.032393377,0.014665396,0.026986657,0.082531646,0.023811985,0.034135517,0.10059439,0.6458683
431,0.006760926,0.009438865,0.02398149,0.0035133911,0.00790228,0.05211583,0.017873641,0.007991053,0.17557389,0.6948487
432,0.021469902,0.03483303,0.025632573,0.040594988,0.015806492,0.011007016,0.034607064,0.27648628,0.05180837,0.48775402
433,0.03241547,0.025835734,0.116096795,0.11698996,0.1214404,0.05897914,0.094143994,0.099599466,0.21825515,0.116243735
434,0.019589445,0.0402289,0.10622056,0.10166964,0.044996027,0.13450581,0.20136602,0.053506,0.08662375,0.2112939
435,0.007855435,0.028120063,0.071589164,0.054487336,0.0560191,0.10083147,0.14418232,0.027632717,0.052570697,0.45671162
436,0.02461584,0.042502996,0.015182714,0.018792234,0.059678905,0.046784684,0.11391389,0.157943,0.14472477,0.37586093
437,0.028536147,0.060811047,0.018502371,0.023091147,0.06326097,0.084573634,0.09306825,0.098682046,0.093933456,0.43554088
438,0.03989115,0.033856843,0.03874886,0.028997377,0.025594927,0.06269459,0.019208625,0.035476796,0.08373626,0.6317942
439,0.004992765,0.023128431,0.02002339,0.01497866,0.009103892,0.0071708756,0.010545596,0.014279739,0.013794351,0.8819824
440,0.02042556,0.044074025,0.009287995,0.0120405415,0.048003715,0.04939603,0.05679345,0.09131824,0.07100729,0.59765345
441,0.0056913365,0.014850871,0.03570559,0.030968523,0.02147675,0.077680595,0.04735418,0.047614522,0.07148211,0.6471758
442,0.03861449,0.030278211,0.080916606,0.08273426,0.10264975,0.06577952,0.17420435,0.07505263,0.24982128,0.099948846
443,0.018905979,0.027432382,0.003939328,0.005009899,0.021095894,0.033242535,0.042183712,0.110189095,0.117556624,0.6204447
444,0.08725623,0.093408175,0.074008554,0.08636984,0.087024525,0.07494551,0.08632944,0.060117994,0.2666369,0.08390268
445,0.022532096,0.026289454,0.046759117,0.0149771,0.024787053,0.085589685,0.040985968,0.027249385,0.6074112,0.103419185
446,0.012386369,0.016909204,0.023951259,0.00561806,0.015679365,0.067136265,0.030521536,0.011384585,0.16699773,0.6494157
447,0.056745436,0.06842475,0.047283616,0.054691207,0.05347393,0.0774655,0.02601136,0.057002977,0.049622193,0.50927913
448,0.030471735,0.011446997,0.03301342,0.009019336,0.015407523,0.06157538,0.042142205,0.012445296,0.71728337,0.0671948
449,0.0633577,0.04663501,0.055737466,0.03821932,0.055881485,0.07975456,0.09933855,0.061907943,0.25103447,0.24813336
450,0.06579799,0.032708246,0.08781649,0.057309274,0.044613894,0.12144118,0.18415226,0.13645375,0.0809248,0.18878219
451,0.11977791,0.066231765,0.073679574,0.08649373,0.08684991,0.06327546,0.104035124,0.13181284,0.11265858,0.15518522
452,0.110699564,0.07934176,0.059362963,0.066063546,0.10381845,0.071841046,0.08991594,0.08134598,0.2691985,0.06841219
453,0.1735363,0.06596622,0.06525508,0.05159924,0.096315704,0.059519622,0.08604879,0.080252826,0.2319035,0.08960295
454,0.042210903,0.026932204,0.08803007,0.09446214,0.043075148,0.07359931,0.22004803,0.22898953,0.07670023,0.105952635
455,0.0017385734,0.0016269496,0.00090500055,0.0028849966,0.0015335483,0.0043475116,0.0020685245,0.00085990963,0.0026149268,0.9814199
456,0.01845571,0.012345208,0.058202144,0.06998172,0.13541706,0.08552754,0.031607784,0.059964243,0.3963193,0.13217923
457,0.013579954,0.016642772,0.006034864,0.009569435,0.019856902,0.0037254698,0.016917793,0.028250154,0.027067827,0.8583549
458,0.005235108,0.017263724,0.042907834,0.061655626,0.03820412,0.18540661,0.053272292,0.07608099,0.08020915,0.4397645
459,0.004492989,0.0034743578,0.0046259,0.0057409205,0.003065182,0.00837678,0.005544791,0.005421822,0.011755526,0.9475018
460,0.059012394,0.06772631,0.054139934,0.08286088,0.044432785,0.058154535,0.11428556,0.12613471,0.25800458,0.13524854
461,0.0395258,0.031687245,0.031189231,0.036558017,0.100219324,0.22475071,0.1389015,0.13846132,0.12976336,0.12894335
462,0.045996647,0.07033078,0.047822326,0.080126025,0.049862795,0.07033287,0.11291825,0.058091354,0.22532883,0.23919037
463,0.04661393,0.06198909,0.0343899,0.062232345,0.07776267,0.061548363,0.18046547,0.19494332,0.13680483,0.14325011
464,0.007101533,0.018161522,0.052678525,0.05742419,0.031348888,0.10403637,0.06958378,0.040469024,0.0511243,0.56807214
465,0.008093513,0.024094678,0.04533663,0.035416394,0.037893925,0.07180223,0.14954063,0.049110457,0.03915063,0.53956115
466,0.034185357,0.02958298,0.18928114,0.0800011,0.13632272,0.12536998,0.06858931,0.10816121,0.14002319,0.088483125
467,0.119403556,0.10493858,0.0507412,0.057627212,0.102874435,0.09275821,0.043576676,0.11904761,0.06358758,0.24544483
468,0.080287054,0.063705385,0.050137363,0.06878227,0.094680175,0.04606311,0.087455854,0.13614722,0.13750927,0.23523208
469,0.030269818,0.028866438,0.042266164,0.017097747,0.028632456,0.07132198,0.06840823,0.024636025,0.1402234,0.54827815
470,0.04741616,0.06411894,0.029743617,0.10335958,0.065177694,0.059100322,0.074680164,0.14477667,0.1994074,0.21221994
471,0.018719748,0.013290612,0.08184702,0.04502574,0.023279784,0.1868938,0.36603346,0.040134896,0.18671258,0.038062517
472,0.019884553,0.021454183,0.052320648,0.03430077,0.033337854,0.06583259,0.0263544,0.036078524,0.05118106,0.65925545
473,0.060206544,0.027382405,0.07868778,0.058905635,0.037862048,0.082729146,0.14604995,0.2081951,0.108013645,0.19196798
474,0.09443782,0.05736123,0.08503276,0.1107898,0.12780306,0.069277495,0.08995906,0.07619367,0.14850055,0.14064477
475,0.011292743,0.014268078,0.031418458,0.0036623827,0.012582866,0.007394827,0.026861023,0.015413016,0.14685391,0.73025316
476,0.028359257,0.023081904,0.08844557,0.160599,0.18618712,0.05395251,0.057056192,0.078070395,0.21153904,0.1127091
477,0.0113446545,0.021498196,0.028187905,0.00905367,0.021656366,0.04205359,0.040340018,0.024500573,0.16951914,0.63184595
478,0.002503068,0.0038169385,0.0027175702,0.0031431615,0.0028442843,0.008390176,0.003572281,0.00085619645,0.005516684,0.9666397
479,0.014487607,0.008573504,0.07830223,0.045882937,0.09004706,0.10781756,0.024552327,0.03974318,0.48734713,0.103246436
480,0.063861236,0.06182109,0.060900837,0.040370986,0.035577558,0.069672085,0.054879606,0.20602232,0.1918468,0.21504743
481,0.10241762,0.06763572,0.058797415,0.043433215,0.076453924,0.07657832,0.076247096,0.084034,0.2213821,0.19302063
482,0.044772863,0.021365225,0.020991895,0.04192048,0.016796889,0.09681985,0.07319284,0.029347738,0.060642842,0.5941494
483,0.086295925,0.0353086,0.10950069,0.049761884,0.04757998,0.089740306,0.18377617,0.14383367,0.13501933,0.119183585
484,0.02400968,0.03012826,0.041376658,0.017545296,0.04065003,0.07129566,0.0961379,0.038716394,0.11367239,0.5264677
485,0.03069944,0.02292163,0.1053539,0.09549648,0.13211146,0.117725946,0.051422372,0.04506886,0.20346764,0.19573224
486,0.0482759,0.025738064,0.07590626,0.052376315,0.035575055,0.13239917,0.3444728,0.08750796,0.1009273,0.09682153
487,0.009562544,0.029601453,0.06341251,0.043342464,0.0634217,0.06595267,0.09260144,0.08368183,0.052927554,0.49549574
488,0.03313915,0.039340343,0.033168264,0.052063115,0.036115557,0.024703618,0.052306373,0.12211991,0.14263637,0.46440735
489,0.08694027,0.05926848,0.063492216,0.041584477,0.056688704,0.08787794,0.073111,0.10486988,0.15422948,0.27193788
490,0.14504711,0.09496092,0.07664486,0.085895605,0.09657927,0.06856004,0.114357516,0.10675276,0.12312771,0.08807425
491,0.0105618965,0.005224845,0.008294839,0.0063637695,0.005853678,0.0059237145,0.010862358,0.005892259,0.04371368,0.897309
492,0.0061722235,0.0065286052,0.0050304537,0.028430287,0.008147581,0.008154675,0.008248218,0.0063564167,0.022615008,0.9003166
493,0.016255844,0.008473765,0.047299813,0.03882733,0.119405955,0.08077278,0.03381644,0.042553935,0.1242357,0.48835814
494,0.041882124,0.06471018,0.040062383,0.040726807,0.03165906,0.07303026,0.028262075,0.048875663,0.062188894,0.56860214
495,0.051052373,0.07503211,0.05692317,0.08508296,0.046138186,0.053315554,0.08493585,0.10635554,0.21618952,0.22497475
496,0.02278694,0.006633885,0.04755602,0.043434706,0.01069587,0.06544532,0.12465372,0.55652404,0.041334018,0.08093581
497,0.04253396,0.024017243,0.07942654,0.07578255,0.038229547,0.070543915,0.19307645,0.18986435,0.109988295,0.1765372
498,0.05302925,0.059787985,0.034297507,0.03506118,0.025675986,0.078743875,0.025744021,0.057645597,0.11197552,0.51803905
499,0.036408965,0.051150814,0.017749067,0.06716755,0.045920234,0.047238324,0.09773746,0.06703327,0.49181962,0.07777462
500,0.021049174,0.023328133,0.03539361,0.018597968,0.01415205,0.02565802,0.0819594,0.020376,0.053766012,0.7057194
501,0.023500077,0.045442846,0.012160038,0.018755475,0.035890814,0.02354921,0.12926643,0.06611382,0.58748645,0.057834636
502,0.044634357,0.030311907,0.020724151,0.10571199,0.06405866,0.1250931,0.14806826,0.20453297,0.1562154,0.10064927
503,0.044618264,0.06528136,0.056863572,0.075637214,0.03872532,0.037850108,0.0540356,0.2823909,0.20229644,0.14230117
504,0.02366427,0.0213306,0.037948065,0.026514301,0.025755128,0.05898116,0.02619952,0.035070535,0.06729627,0.67724013
505,0.009855514,0.0033614002,0.004469645,0.0037458749,0.0033578707,0.0059469272,0.008876269,0.0025644293,0.019636637,0.9381855
506,0.062391095,0.076378405,0.056377165,0.059042897,0.06812512,0.051506046,0.2149081,0.10311743,0.11504567,0.19310805
507,0.058017686,0.028008785,0.09091591,0.043199997,0.038471255,0.087568454,0.14547865,0.21253929,0.110852845,0.18494703
508,0.033679973,0.039324425,0.047200374,0.048140828,0.020821579,0.072279565,0.056025527,0.051601358,0.099944234,0.5309818
509,0.029243907,0.060417827,0.06934958,0.03539184,0.023016814,0.12274373,0.04314783,0.07812582,0.10853547,0.4300274
510,0.04679512,0.028865209,0.06066333,0.048345663,0.046016186,0.119208194,0.23283103,0.07816462,0.121850416,0.21726012
511,0.0054064393,0.0038876103,0.0034786374,0.0065983417,0.003456795,0.010504866,0.0074167647,0.007311426,0.012108497,0.9398307
